artist_name,track_name,release_date,genre,lyrics
BTS,Dynamite,2020,k-pop,shine bright like diamond sky night city lights feel electric tonight something pulling heart know good time dance floor break rules light night groove feeling good alright energy emotions high dancing through night feeling alive shining bright like dynamite light spark ignite energize mind body soul dancing forever control shine through dark dynamite boom light night sky bright forever higher soaring skies free alive tonight dance floor light energy flowing through veins memories create tonight stay forever rhythm heart beat faster louder stronger together forever dynamite
BLACKPINK,How You Like That,2020,k-pop,look straight ahead eyes focused determination bring storm weather chaotic energy rising phoenix ashes stronger fiercer look now standing tall reaching peak mountain climb higher touch stars look down path traveled strength gained obstacles overcome look ahead future bright shining look how far come look strength gained nothing stopping now watch rise higher faster stronger than ever before fall seven times stand eight nothing holding back anymore breaking free chains breaking walls breaking limits breaking expectations watch soar watch shine watch glow watch grow look now unstoppable
TWICE,Feel Special,2019,k-pop,feeling lost alone darkness surrounding heart heavy mind clouded thoughts scattered negative energy draining soul darkness surrounds doubt consumes fears grow stronger shine light darkness suddenly appear smile brings warmth heart feel special moment touch hand hold tight fears fade away strength grows confidence builds mountains move oceans part feel special precious treasured valued loved feel unique feel important feel worthy feel special world seems brighter colors vibrant sounds clearer mind focused heart full gratitude feeling special feeling loved feeling treasured feeling worthy feeling unique feeling important feeling valued feeling cherished feeling understood feeling supported feeling appreciated feeling extraordinary feeling exceptional feeling rare feeling incredible feeling amazing
EXO,Love Shot,2018,k-pop,eyes locked across room hearts beat synchronicity magnetic pull impossible resist chemistry electric sparks flying tension building moment perfect connection deeper than words express feelings intense overwhelming powerful captivating entrancing mesmerizing addictive irresistible undeniable inevitable destiny written stars universe conspired bring together souls intertwined hearts aligned minds connected spirits united love shot pierced heart direct hit cupid arrow struck bullseye emotions overflow containment impossible express adequately words fail capture essence feeling pure raw authentic genuine passionate fierce tender gentle simultaneously contradictory complementary perfect balance harmony universe makes sense world right place right time right person right feeling right moment right energy right connection right chemistry right love right shot
SEVENTEEN,Left & Right,2020,k-pop,moving forward never looking back progress constant evolution growth development improvement advancement enhancement upgrading leveling ascending rising climbing soaring flying breaking limits shattering expectations surpassing goals exceeding targets overcoming obstacles conquering challenges defeating doubts vanquishing fears eliminating negativity embracing positivity absorbing energy projecting light radiating warmth emitting joy broadcasting happiness transmitting good vibes sending positive waves creating ripple effects influencing surroundings affecting environment changing atmosphere transforming mood shifting paradigms altering perceptions modifying viewpoints adjusting attitudes revising opinions updating beliefs upgrading thoughts enhancing mindsets improving outlooks bettering perspectives left right forward never backward always progressing never regressing always advancing never retreating
RED VELVET,Psycho,2019,k-pop,contradictions living inside mind heart opposites attract repel simultaneously love hate pleasure pain joy sorrow laughter tears happiness sadness excitement boredom energy lethargy passion apathy interest disinterest care indifference devotion neglect attention ignorance fascination boredom attraction repulsion nearness distance intimacy alienation understanding confusion knowledge ignorance wisdom foolishness maturity childishness responsibility recklessness safety danger security risk certainty doubt truth lies reality fantasy concrete abstract tangible intangible visible invisible heard unheard spoken unspoken said unsaid felt unfelt known unknown remembered forgotten conscious unconscious rational irrational logical illogical reasonable unreasonable sensible nonsensical orthodox unorthodox conventional unconventional normal abnormal regular irregular standard nonstandard psycho you make feel alive psycho you drive crazy psycho
NCT 127,Kick It,2020,k-pop,power surging through veins strength building muscles energy flowing body mind focused goal determined succeed failure option victory necessary driven purpose motivated achievement inspired greatness compelled excellence fueled passion propelled ambition pushed limits boundaries restrictions constraints holding back anymore breaking free chains breaking walls breaking ceilings breaking expectations breaking predictions breaking projections breaking estimations breaking calculations breaking computations breaking evaluations breaking assessments breaking judgments breaking criticisms breaking doubts breaking fears breaking insecurities breaking weaknesses building strength building power building energy building capability building capacity building ability building potential building possibility building opportunity building future building legacy kick higher kick stronger kick better kick faster kick harder kick further kick longer kick deeper kick wider kick broader kick kick kick never stop kicking
IU,Celebrity,2021,k-pop,uniqueness shines brightly different special extraordinary exceptional remarkable notable distinctive peculiar singular individual original authentic genuine real true pure unadulterated undiluted unaltered untainted uncorrupted unblemished flawless perfect complete whole intact undamaged unharmed uninjured unscathed untouched pristine immaculate spotless stainless clean clear pure transparent lucid crystal limpid pellucid diaphanous translucent luminous radiant glowing shining gleaming glistening sparkling twinkling scintillating dazzling blinding brilliant spectacular stunning beautiful gorgeous exquisite elegant sophisticated refined polished cultured civilized educated intelligent brilliant smart clever quick wise sagacious astute perceptive insightful discerning judicious sensible rational reasonable logical coherent cogent lucid articulate eloquent fluent expressive communicative celebrity status earned deserved warranted justified merited entitled worthy deserving meritorious commendable praiseworthy laudable admirable
SHINee,Don't Call Me,2021,k-pop,broken promises empty words meaningless phrases hollow statements vacant expressions blank stares cold shoulders distant attitudes removed behaviors detached mannerisms aloof demeanors indifferent reactions apathetic responses uncaring replies unsympathetic retorts callous comebacks heartless rebuttals cruel rejections harsh denials severe negations strict refusals firm declinations strong repudiations definite renouncements absolute disavowals complete disownments total rejections comprehensive denials thorough refutations exhaustive negations inclusive renunciations expansive disavowals extensive disownments broadcast announcements public declarations general pronouncements universal proclamations global statements worldwide assertions international claims multinational allegations intercontinental accusations transcontinental charges cross-border indictments trans-regional censures multi-jurisdictional rebukes poly-territorial reproaches don't call name don't speak identity don't mention existence don't reference presence don't acknowledge being
ITZY,Wannabe,2020,k-pop,authentic true genuine real honest sincere candid frank open transparent clear direct forthright straightforward upfront upright honorable righteous virtuous moral ethical principled uncompromising unyielding unbending inflexible rigid steadfast resolute determined committed dedicated devoted loyal faithful true constant unwavering unswerving undeviating unfailing reliable dependable trustworthy credible believable plausible convincing persuasive compelling attractive appealing alluring enticing tempting tantalizing seductive desirable coveted sought-after wanted needed required desired wished hoped longed dreamed fantasized imagined conceived visualized pictured envisaged envisioned foreseen anticipated expected predicted projected calculated estimated computed reckoned gauged measured assessed evaluated appraised judged rated ranked graded classified categorized labeled tagged marked designated termed titled dubbed named called addressed referred known identified recognized distinguished discerned perceived noticed spotted detected observed seen witnessed beheld viewed watched wannabe wanna true self
STRAY KIDS,God's Menu,2020,k-pop,cooking creating mixing blending combining merging fusing integrating amalgamating synthesizing formulating developing producing generating originating innovating inventing pioneering groundbreaking trailblazing pathfinding wayfinding navigating directing steering guiding leading showing demonstrating exhibiting displaying presenting revealing uncovering discovering finding locating identifying recognizing discerning perceiving noticing observing watching seeing witnessing beholding viewing looking examining inspecting scrutinizing analyzing dissecting breaking deconstructing dismantling disassembling taking apart separating dividing splitting fracturing fragmenting shattering smashing crushing pulverizing grinding milling processing treating handling managing controlling operating manipulating maneuvering orchestrating conducting directing producing delivering serving presenting offering providing supplying furnishing equipping outfitting arming preparing readying God menu special unique recipe secret ingredients flavorful delicious recipe taste never forget
MAMAMOO,Hip,2019,k-pop,confidence flowing veins self-assurance pumping heart self-respect filling mind self-love nurturing soul swagger walking talk backing actions words matching deeds energy radiating presence shining light darkness illuminating shadows casting brilliance dullness elevating spirits lifting moods enhancing atmospheres improving environments bettering situations advancing conditions progressing circumstances developing scenarios evolving contexts changing landscapes transforming terrains altering territories modifying domains adjusting realms shifting spheres moving spaces transitioning areas varying regions diversifying locales multiplying places proliferating positions expanding horizons broadening perspectives widening views enlarging visions extending sights lengthening gazes prolonging stares intensifying looks deepening glances strengthening glimpses hardening peeks toughening glares roughening gawks solidifying gazes fortifying stares reinforcing looks bolstering glances supporting glimpses backing peeks endorsing glares approving gawks hip cool trendy fashionable stylish chic
GOT7,Just Right,2015,k-pop,perfect exactly needed precisely required exactly wanted perfectly desired precisely wished exactly hoped perfectly longed precisely dreamed exactly fantasized perfectly imagined precisely envisioned exactly visualized perfectly pictured precisely conceived exactly designed perfectly crafted precisely made exactly created perfectly formed precisely shaped exactly molded perfectly sculpted precisely carved exactly hewn perfectly chiseled precisely cut exactly trimmed perfectly groomed precisely maintained exactly preserved perfectly kept precisely retained exactly held perfectly contained precisely enclosed exactly surrounded perfectly encompassed precisely embraced exactly hugged perfectly cuddled precisely snuggled exactly nestled perfectly cradled precisely rocked exactly swayed perfectly oscillated precisely undulated exactly rippled perfectly waved precisely billowed exactly flowed perfectly streamed precisely ran exactly moved perfectly traveled precisely journeyed exactly voyaged perfectly trekked precisely hiked exactly climbed perfectly ascended precisely rose exactly elevated just right perfect exactly
MONSTA X,Love Killa,2020,k-pop,dangerous lethal fatal deadly hazardous perilous treacherous risky unsafe insecure precarious unstable unsteady unsound shaky rocky wobbly teetering tottering faltering wavering unbalanced lopsided asymmetric uneven irregular inconsistent variable unpredictable erratic capricious fickle mercurial temperamental moody emotional passionate intense powerful strong forceful vigorous energetic dynamic active lively animated spirited vivacious vibrant radiant luminous bright shining glowing gleaming glistening sparkling twinkling scintillating dazzling blinding brilliant spectacular stunning amazing astonishing astounding surprising impressive imposing commanding authoritative influential persuasive compelling convincing magnetic attractive appealing alluring enticing tempting seductive irresistible overwhelming overpowering consuming devouring engulfing swallowing absorbing assimilating incorporating integrating merging fusing blending combining mixing love killa heart breaker soul taker mind changer game player
ATEEZ,Wonderland,2019,k-pop,magical mystical enchanted bewitched spellbound charmed entranced captivated mesmerized hypnotized fascinated enthralled engrossed absorbed consumed preoccupied fixated obsessed focused concentrated attentive mindful aware cognizant conscious sentient responsive receptive sensitive perceptive discerning discriminating distinguishing differentiating separating segregating isolating insulating protecting defending guarding securing safeguarding preserving conserving maintaining retaining keeping holding grasping clutching gripping seizing taking capturing nabbing snatching grabbing acquiring obtaining procuring securing achieving accomplishing attaining realizing actualizing fulfilling satisfying gratifying pleasing delighting entertaining amusing diverting engaging interesting intriguing fascinating captivating spellbinding enthralling bewitching enchanting charming mesmerizing hypnotizing wonderland magical place dreams reality fantasy truth imagination facts dreams hopes beliefs fears wonderland
TXT,Blue Hour,2020,k-pop,twilight moment day night morning evening dawn dusk sunrise sunset beginning ending starting finishing commencing concluding initiating terminating launching closing opening shutting creating destroying building demolishing constructing destructing forming dismantling making unmaking crafting breaking fashioning smashing molding crushing shaping crumbling designing ruining planning scrambling organizing disordering arranging disarranging ordering disordering structuring destructuring classifying declassifying categorizing decategorizing systematizing desystematizing codifying decodifying formulating deformulating developing undeveloping advancing retreating progressing regressing improving deteriorating enhancing diminishing augmenting reducing increasing decreasing expanding contracting enlarging shrinking growing diminishing multiplying dividing duplicating halving doubling splitting tripling thirding quadrupling quartering quintupling fifthing blue hour magical time between worlds reality fantasy truth fiction known unknown certain uncertain blue hour transformation
(G)I-DLE,TOMBOY,2022,k-pop,breaking rules defying norms challenging conventions resisting expectations opposing standards contradicting guidelines contravening regulations transgressing laws violating statutes infringing codes breaching protocols ignoring edicts disregarding mandates flouting directives scorning instructions spurning commands rejecting orders declining requests refusing demands denying appeals rebuffing solicitations repudiating supplications renouncing invocations abjuring entreaties forsaking pleas abandoning petitions deserting applications leaving appeals quitting requests evacuating solicitations vacating entreaties emptying pleas clearing supplications removing invocations extracting entreaties withdrawing pleas pulling applications dragging requests hauling solicitations tugging entreaties yanking pleas jerking supplications jolting invocations shocking entreaties startling pleas surprising applications astonishing requests amazing solicitations astounding entreaties confounding pleas confusing supplications tomboy breaking gender norms authentic self true identity
ENHYPEN,Fever,2021,k-pop,burning sensation rising temperature increasing heat growing warmth spreading fire extending flame expanding blaze enlarging inferno broadening conflagration widening combustion heightening fervor intensifying passion deepening ardor strengthening devotion reinforcing dedication hardening commitment solidifying promise firming pledge cementing vow concretizing oath stabilizing guarantee securing assurance ensuring certainty establishing surety fixing warranty settling voucher determining undertaking deciding indemnity resolving agreement concluding arrangement finishing understanding completing comprehension ending grasp closing grip terminating hold finalizing handle wrapping clutch packing grabbing packaging seizing bundling taking grouping collecting gathering accumulating amassing compiling aggregating assembling concentrating consolidating centralizing focusing converging uniting unifying joining connecting linking attaching combining mixing blending merging fusing integrating fever burning sensation never stops increasing growing stronger hotter deeper
Aespa,Next Level,2021,k-pop,evolving advancing progressing developing improving growing expanding increasing enlarging extending broadening widening stretching spreading amplifying magnifying enhancing augmenting raising elevating lifting hoisting boosting heightening tallying reckoning counting enumerating tabulating calculating computing reckoning determining measuring gauging assessing evaluating appraising estimating valuing judging rating ranking grading scoring marking noting recording documenting logging registering entering posting booking scheduling planning arranging organizing structuring ordering listing itemizing detailing specifying particularizing pinpointing targeting focusing aiming directing pointing indicating showing illustrating demonstrating exemplifying instance sampling modeling patterning forming shaping molding crafting creating making producing generating yielding bearing rendering delivering presenting offering supplying providing furnishing equipping outfitting arming accoutering next level higher plane advanced state enhanced condition improved situation
TREASURE,I Love You,2020,k-pop,deeply profoundly intensely strongly powerfully forcefully vigorously energetically dynamically actively lively animatedly spiritedly vivaciously vibrantly radiantly luminously brightly shiningly glowingly gleamingly glisteningly sparklingly twinklingly scintillatingly dazzlingly blindingly brilliantly spectacularly stunningly amazingly astonishingly astoundingly surprisingly impressively imposingly commandingly authoritatively influentially persuasively compellingly convincingly magnetically attractively appealingly alluringly enticingly temptingly seductively irresistibly overwhelmingly overpoweringly consumingly devouringly engulfingly swallowingly absorbingly assimilatingly incorporatingly integratingly mergingly fusingly blendingly combiningly mixingly unifyingly joininingly connectingly linkiningly attachingly combininingly mixingly blendiningly merginingly fusiningly integratiningly love deeply profoundly completely utterly totally absolutely entirely wholly fully thoroughly completely perfectly flawlessly
ONEUS,Valkyrie,2019,k-pop,mythical legendary fabled storied traditional ancient old archaic primitive primeval primordial primary original maiden virgin pure chaste untainted untarnished unblemished unsullied unstained unmarred unscarred unwounded undamaged unharmed uninjured unscathed untouched intact whole complete undivided unbroken unfractured unfragmented uncrushed unshattered unsmashed unpulverized unground unmilled unprocessed untreated unhandled unmanaged uncontrolled unoperated unmanipulated unmaneuvered unorchestrated unconducted undirected unproduced undelivered unserved unpresented unoffered unprovided unsupplied unfurnished unequipped unoutfitted unarmed unprepared unready available ready willing able capable competent qualified suited appropriate fitting proper suitable apt becoming befitting decent seemly comely fair goodly righteous virtuous moral ethical principled uncompromising valkyrie chooser slain protector guardian shield defender warrior fighter soldier
SF9,Good Guy,2020,k-pop,honorable respectable estimable reputable credible trustworthy reliable dependable faithful loyal true constant steadfast committed dedicated devoted earnest sincere genuine authentic real true honest candid frank open straightforward direct forthright upfront upright virtuous moral ethical principled upstanding decent proper fitting appropriate suitable apt becoming befitting worthy deserving meritorious commendable praiseworthy laudable admirable excellent stellar superb magnificent splendid glorious brilliant terrific wonderful marvelous amazing astonishing astounding surprising impressive imposing commanding authoritative influential persuasive compelling convincing magnetic attractive appealing alluring enticing tempting seductive irresistible overwhelming overpowering consuming devouring engulfing swallowing absorbing assimilating incorporating integrating merging fusing blending combining mixing unifying joining connecting linking attaching combining good guy honorable respectful truthful kind caring considerate thoughtful
THE BOYZ,Reveal,2020,k-pop,disclosure uncovering unmasking unveiling unwrapping unpacking unfurling unfolding unraveling untangling uncoiling unleashing releasing freeing liberating emancipating unshackling unchaining unfettering unbinding unlocking opening accessing entering penetrating piercing stabbing jabbing poking prodding nudging pushing pressing forcing compelling coercing obligating necessitating requiring demanding insisting urging pressing pleading beseeching imploring entreating supplicating begging requesting asking inquiring questioning querying probing investigating examining inspecting scrutinizing analyzing dissecting breaking deconstructing dismantling disassembling taking separating dividing splitting fracturing fragmenting shattering smashing crushing pulverizing grinding milling processing treating handling managing controlling operating manipulating maneuvering orchestrating conducting directing producing delivering serving presenting offering providing supplying furnishing reveal truth show reality disclose secrets uncover mysteries make known hidden truth
LOONA,So What,2020,k-pop,defiant rebellious resistant opposing contradicting challenging contesting disputing questioning querying probing investigating examining inspecting scrutinizing analyzing dissecting breaking deconstructing dismantling disassembling taking separating dividing splitting fracturing fragmenting shattering smashing crushing pulverizing grinding milling processing treating handling managing controlling operating manipulating maneuvering orchestrating conducting directing producing delivering serving presenting offering providing supplying furnishing equipping outfitting arming preparing readying setting arranging organizing structuring ordering listing itemizing detailing specifying particularizing pinpointing targeting focusing aiming directing pointing indicating showing illustrating demonstrating exemplifying instance sampling modeling patterning forming shaping molding crafting creating making producing generating yielding bearing rendering delivering presenting offering providing supplying furnishing equipping outfitting arming so what defiant attitude challenge norms break rules
GFRIEND,Apple,2020,k-pop,temptation allure enticement seduction attraction appeal magnetism charisma charm fascination captivation mesmerization entrancement enchantment bewitchment spellbinding enthrallment engrossment absorption consumption preoccupation fixation obsession focus concentration attention mindfulness awareness cognizance consciousness sentience responsiveness receptivity sensitivity perception discernment discrimination distinction differentiation separation segregation isolation insulation protection defense guard security safety preservation conservation maintenance retention keeping holding grasp clutch grip seizure taking capture nabbing snatching grabbing acquisition obtainment procurement securing achievement accomplishment attainment realization actualization fulfillment satisfaction gratification pleasure delight entertainment amusement diversion engagement interest intrigue fascination captivation spellbinding enthrallment bewitchment enchantment charm mesmerization hypnotization apple temptation forbidden fruit desire longing craving wanting wishing
ASTRO,Blue Flame,2019,k-pop,burning passion intense desire fervent longing ardent yearning deep craving strong wanting powerful wishing mighty hoping forceful dreaming vigorous fantasizing energetic imagining dynamic conceiving active visualizing lively picturing animated envisaging spirited envisioning vivacious foreseeing vibrant anticipating radiant expecting luminous predicting bright projecting shining calculating glowing estimating gleaming computing glistening reckoning sparkling gauging twinkling measuring scintillating assessing dazzling evaluating blinding appraising brilliant judging spectacular rating stunning ranking amazing grading astonishing classifying astounding categorizing surprising labeling impressive tagging imposing marking commanding designating authoritative terming influential titling persuasive dubbing compelling naming convincing calling magnetic addressing attractive referring appealing known alluring identified enticing recognized tempting distinguished seductive discerned blue flame passion burning love intense desire strong wanting powerful craving
TOMORROW X TOGETHER,Run Away,2019,k-pop,escape flee abscond depart leave exit evacuate vacate empty clear remove extract withdraw pull drag haul tug yank jerk jolt shock startle surprise astonish amaze astound confound confuse bewilder perplex puzzle baffle stump mystify stupefy dumbfound flabbergast daze stun numb benumb paralyze immobilize freeze petrify ossify fossilize crystallize solidify harden stiffen rigid inflexible unbending unyielding resolute determined committed dedicated devoted loyal faithful true constant unwavering unswerving undeviating unfailing reliable dependable trustworthy credible believable plausible convincing persuasive compelling attractive appealing alluring enticing tempting tantalizing seductive desirable coveted sought-after wanted needed required desired wished hoped longed dreamed fantasized imagined conceived visualized pictured envisaged run away escape reality create fantasy world together forever united connected linked bonded joined
SUNMI,pporappippam,2020,k-pop,dreamy ethereal heavenly celestial divine godly angelic spiritual mystical magical enchanted bewitched spellbound charmed entranced captivated mesmerized hypnotized fascinated enthralled engrossed absorbed consumed preoccupied fixated obsessed focused concentrated attentive mindful aware cognizant conscious sentient responsive receptive sensitive perceptive discerning discriminating distinguishing differentiating separating segregating isolating insulating protecting defending guarding securing safeguarding preserving conserving maintaining retaining keeping holding grasping clutching gripping seizing taking capturing nabbing snatching grabbing acquiring obtaining procuring securing achieving accomplishing attaining realizing actualizing fulfilling satisfying gratifying pleasing delighting entertaining amusing diverting engaging interesting intriguing fascinating captivating spellbinding enthralling bewitching enchanting charming mesmerizing hypnotizing pporappippam dreamy moment ethereal experience heavenly feeling divine touch
WJSN,Secret,2016,k-pop,mysterious enigmatic puzzling baffling perplexing confusing bewildering bemusing mystifying stupefy dumbfounding flabbergasting dazing stunning numbing benumbing paralyzing immobilizing freezing petrifying ossifying fossilizing crystallizing solidifying hardening stiffening rigid inflexible unbending unyielding resolute determined committed dedicated devoted loyal faithful true constant unwavering unswerving undeviating unfailing reliable dependable trustworthy credible believable plausible convincing persuasive compelling attractive appealing alluring enticing tempting tantalizing seductive desirable coveted sought-after wanted needed required desired wished hoped longed dreamed fantasized imagined conceived visualized pictured envisaged envisioned foreseen anticipated expected predicted projected calculated estimated computed reckoned gauged measured assessed evaluated appraised judged rated ranked graded classified categorized labeled tagged marked designated secret mysterious enigmatic puzzling hidden concealed obscured veiled covered masked
OH MY GIRL,Dolphin,2020,k-pop,playful joyful cheerful merry jolly jovial gleeful mirthful jocular humorous amusing entertaining diverting engaging interesting intriguing fascinating captivating spellbinding enthralling bewitching enchanting charming mesmerizing hypnotizing wonder amazing astonishing astounding surprising impressive imposing commanding authoritative influential persuasive compelling convincing magnetic attractive appealing alluring enticing tempting tantalizing seductive desirable coveted sought-after wanted needed required desired wished hoped longed dreamed fantasized imagined conceived visualized pictured envisaged envisioned foreseen anticipated expected predicted projected calculated estimated computed reckoned gauged measured assessed evaluated appraised judged rated ranked graded classified categorized labeled tagged marked designated termed titled dubbed named called addressed referred known identified recognized distinguished discerned perceived noticed spotted detected observed seen witnessed beheld viewed watched dolphin playful creature joyful spirit cheerful attitude love freedom happiness
PENTAGON,Shine,2018,k-pop,brilliant luminous radiant glowing gleaming glistening sparkling twinkling scintillating dazzling blinding spectacular stunning amazing astonishing astounding surprising impressive imposing commanding authoritative influential persuasive compelling convincing magnetic attractive appealing alluring enticing tempting tantalizing seductive desirable coveted sought-after wanted needed required desired wished hoped longed dreamed fantasized imagined conceived visualized pictured envisaged envisioned foreseen anticipated expected predicted projected calculated estimated computed reckoned gauged measured assessed evaluated appraised judged rated ranked graded classified categorized labeled tagged marked designated termed titled dubbed named called addressed referred known identified recognized distinguished discerned perceived noticed spotted detected observed seen witnessed beheld viewed watched looked examined inspected scrutinized analyzed dissected deconstructed dismantled disassembled taken separated divided split fractured fragmented shine brilliantly luminously brightly boldly confidently strongly powerfully
EVERGLOW,Adios,2019,k-pop,farewell goodbye departure exit leaving abandonment desertion forsaking renunciation rejection repudiation denial refusal rebuff dismissal discharge expulsion ejection removal elimination extraction withdrawal pulling dragging hauling tugging yanking jerking jolting shocking startling surprising astonishing amazing astounding confounding confusing bewildering perplexing puzzling baffling stumping mystifying stupefying dumbfounding flabbergasting dazing stunning numbing benumbing paralyzing immobilizing freezing petrifying ossifying fossilizing crystallizing solidifying hardening stiffening rigid inflexible unbending unyielding resolute determined committed dedicated devoted loyal faithful true constant unwavering unswerving undeviating unfailing reliable dependable trustworthy credible believable plausible convincing persuasive compelling attractive appealing alluring enticing tempting tantalizing seductive desirable coveted sought-after wanted needed adios farewell goodbye departure exit leaving moving forward never looking back
ATEEZ,Answer,2020,k-pop,response reply retort comeback rejoinder rebuttal counterargument counterclaim counterstatement counterassertion contradiction negation refutation rebuttal denial rejection repudiation disavowal disownment renouncement abjuration recantation retraction withdrawal cancellation nullification invalidation voidance annulment rescission revocation abrogation abolishment termination ending finishing conclusion completion culmination consummation fulfillment achievement accomplishment attainment realization actualization satisfaction gratification pleasure delight entertainment amusement diversion engagement interest intrigue fascination captivation spellbinding enthrallment bewitchment enchantment charm mesmerization hypnotization wonder amazement astonishment astoundment surprise impression imposingness commanding authoritative influence persuasion compulsion conviction magnetism attraction appeal allure enticement temptation tantalization seduction desire covetousness search-after want need requirement desire wish hope longing dream fantasy answer response reply solution resolution conclusion understanding comprehension grasp grip hold handle clutch grabbing
CHUNG HA,Gotta Go,2019,k-pop,leaving departing exiting evacuating vacating emptying clearing removing extracting withdrawing pulling dragging hauling tugging yanking jerking jolting shocking startling surprising astonishing amazing astounding confounding confusing bewildering perplexing puzzling baffling stumping mystifying stupefying dumbfounding flabbergasting dazing stunning numbing benumbing paralyzing immobilizing freezing petrifying ossifying fossilizing crystallizing solidifying hardening stiffening rigid inflexible unbending unyielding resolute determined committed dedicated devoted loyal faithful true constant unwavering unswerving undeviating unfailing reliable dependable trustworthy credible believable plausible convincing persuasive compelling attractive appealing alluring enticing tempting tantalizing seductive desirable coveted sought-after wanted needed required desired wished hoped longed dreamed fantasized imagined conceived visualized pictured envisaged envisioned foreseen anticipated expected predicted projected gotta leave depart exit time move forward continue journey path destination
CLC,Hobgoblin,2017,k-pop,mysterious enigmatic puzzling baffling perplexing confusing bewildering bemusing mystifying stupefy dumbfounding flabbergasting dazing stunning numbing benumbing paralyzing immobilizing freezing petrifying ossifying fossilizing crystallizing solidifying hardening stiffening rigid inflexible unbending unyielding resolute determined committed dedicated devoted loyal faithful true constant unwavering unswerving undeviating unfailing reliable dependable trustworthy credible believable plausible convincing persuasive compelling attractive appealing alluring enticing tempting tantalizing seductive desirable coveted sought-after wanted needed required desired wished hoped longed dreamed fantasized imagined conceived visualized pictured envisaged envisioned foreseen anticipated expected predicted projected calculated estimated computed reckoned gauged measured assessed evaluated appraised judged rated ranked graded classified categorized labeled tagged marked designated hobgoblin mysterious creature enigmatic being puzzling entity magical existence supernatural presence
DAY6,Zombie,2020,k-pop,lifeless soulless spiritless heartless unfeeling emotionless passionless dispassionate apathetic indifferent uncaring unsympathetic callous insensitive hardhearted coldhearted stonyhearted cruel harsh severe strict firm unyielding inflexible rigid unbending resolute determined committed dedicated devoted loyal faithful true constant unwavering unswerving undeviating unfailing reliable dependable trustworthy credible believable plausible convincing persuasive compelling attractive appealing alluring enticing tempting tantalizing seductive desirable coveted sought-after wanted needed required desired wished hoped longed dreamed fantasized imagined conceived visualized pictured envisaged envisioned foreseen anticipated expected predicted projected calculated estimated computed reckoned gauged measured assessed evaluated appraised judged rated ranked graded classified categorized labeled tagged marked designated zombie lifeless existence soulless routine spiritless days heartless world unfeeling society emotionless interactions
GOT7,Hard Carry,2016,k-pop,powerful strong mighty forceful vigorous energetic dynamic active lively animated spirited vivacious vibrant radiant luminous bright shining glowing gleaming glistening sparkling twinkling scintillating dazzling blinding brilliant spectacular stunning amazing astonishing astounding surprising impressive imposing commanding authoritative influential persuasive compelling convincing magnetic attractive appealing alluring enticing tempting tantalizing seductive desirable coveted sought-after wanted needed required desired wished hoped longed dreamed fantasized imagined conceived visualized pictured envisaged envisioned foreseen anticipated expected predicted projected calculated estimated computed reckoned gauged measured assessed evaluated appraised judged rated ranked graded classified categorized labeled tagged marked designated termed titled dubbed named called addressed referred known identified recognized distinguished discerned perceived noticed spotted detected observed seen witnessed hard carry heavy lifting powerful support strong leadership mighty guidance forceful direction energetic motivation
SEVENTEEN,Fear,2019,k-pop,terrifying frightening scaring alarming startling shocking jolting astounding surprising amazing impressive awe-inspiring imposing commanding authoritative influential persuasive compelling convincing magnetic attractive appealing alluring enticing tempting tantalizing seductive desirable coveted sought-after wanted needed required desired wished hoped longed dreamed fantasized imagined conceived visualized pictured envisaged envisioned foreseen anticipated expected predicted projected calculated estimated computed reckoned gauged measured assessed evaluated appraised judged rated ranked graded classified categorized labeled tagged marked designated termed titled dubbed named called addressed referred known identified recognized distinguished discerned perceived noticed spotted detected observed seen witnessed beheld viewed watched looked examined inspected scrutinized analyzed dissected broken deconstructed dismantled disassembled taken separated divided split fractured fragmented shattered smashed crushed pulverized ground milled processed fear terrifying emotion frightening feeling scaring sensation alarming response
Dreamcatcher,Scream,2020,k-pop,shouting yelling hollering bellowing roaring howling screaming shrieking screeching squealing squeaking squawking cawing crying calling wailing sobbing weeping mourning grieving lamenting regretting remorseful sorry apologetic penitent regretful contrite repentant remorseful guilty culpable blameworthy responsible accountable answerable liable duty-bound obligated required demanded needed essential necessary vital crucial critical pivotal central fundamental basic elementary primary primitive primeval primordial primary original maiden virgin pure chaste untainted untarnished unblemished unsullied unstained unmarred unscarred unwounded undamaged unharmed uninjured unscathed untouched intact whole complete undivided unbroken unfractured unfragmented uncrushed unshattered unsmashed unpulverized unground unmilled unprocessed untreated unhandled unmanaged uncontrolled unoperated unmanipulated unmaneuvered unorchestrated unconducted undirected unproduced undelivered unserved unpresented scream shout yell holler emotions pouring voice raised
SEVENTEEN,Home,2019,k-pop,comfort safety warmth belonging refuge shelter protection embrace security reassurance familiar intimate cozy
BTS,Spring Day,2017,k-pop,longing waiting yearning missing memories friendship endurance hope patience seasons change reunion
MAMAMOO,Starry Night,2018,k-pop,celestial dreams space freedom escape transcendence mystery wonder journey exploration wanderlust
BIGBANG,Bang Bang Bang,2015,k-pop,energy power dominance charisma confidence intensity vibration impact force boldness
Girls' Generation,Gee,2009,k-pop,excitement infatuation discovery crush butterflies nervousness admiration happiness bliss
SHINee,View,2015,k-pop,refreshing rejuvenating liberating carefree youthful energy summer adventure discovery freedom
IU,Palette,2017,k-pop,self-discovery maturity growth acceptance journey reflection wisdom confidence independence autonomy
EXO,Tempo,2018,k-pop,rhythm groove synchronicity harmony balance precision fluidity momentum energy flow
TWICE,TT,2016,k-pop,heartache disappointment rejection sadness frustration tears emotions confusion conflict feelings
BTS,Blood Sweat & Tears,2016,k-pop,temptation desire sacrifice dedication persistence effort determination striving achievement
BLACKPINK,DDU-DU DDU-DU,2018,k-pop,confidence attitude assertion power domination intimidation boldness uniqueness identity
GOT7,Just Right,2015,k-pop,reassurance appreciation acceptance affirmation confidence self-love encouragement support positivity
TWICE,Fancy,2019,k-pop,attraction fascination admiration desire pursuit chase longing anticipation excitement nervousness
Red Velvet,Bad Boy,2018,k-pop,attraction danger excitement mystery seduction chase pursuit game playing teasing antagonism
BTS,Fake Love,2018,k-pop,deception illusion disappointment betrayal heartbreak disillusionment pain anguish suffering loss
IU,Through the Night,2017,k-pop,longing confession honesty vulnerability openness sincerity affection tenderness gentleness intimacy
SEVENTEEN,Don't Wanna Cry,2017,k-pop,heartbreak denial resistance avoidance suppression pain struggle conflict pride vulnerability
EXO,Growl,2013,k-pop,protection possession jealousy warning caution territoriality intensity emotion passion determination
TWICE,What is Love,2018,k-pop,curiosity wonder questioning naivety innocence discovery exploration imagination fascination
NCT 127,Cherry Bomb,2017,k-pop,explosion impact intensity danger thrill excitement unpredictability power force energy
MONSTA X,Dramarama,2017,k-pop,storytelling narrative tension drama climax resolution suspense emotion intensity passion
SEVENTEEN,Very Nice,2016,k-pop,excitement thrill exhilaration happiness joy elation euphoria enthusiasm energy vitality
BTS,Boy With Luv,2019,k-pop,tenderness affection appreciation happiness contentment joy gratitude warmth pleasure delight
MAMAMOO,DÃ©calcomanie,2016,k-pop,symmetry reflection mirror image counterpart complementary matching fitting destined paired
GFRIEND,Rough,2016,k-pop,perseverance struggle adversity challenges hardship determination resilience persistence endurance
ASTRO,Crazy Sexy Cool,2017,k-pop,confidence allure charisma magnetism attraction seduction style swagger coolness appeal
SEVENTEEN,Thanks,2018,k-pop,gratitude appreciation recognition acknowledgment indebtedness thankfulness humility respect honor
NCT DREAM,BOOM,2019,k-pop,explosion impact intensity power force surprise unexpected sudden dramatic energetic vibrant
TWICE,Likey,2017,k-pop,appearance validation approval attention affirmation acceptance popularity recognition admiration
SHINee,Lucifer,2010,k-pop,obsession addiction compulsion temptation control manipulation power dominance submission
Super Junior,Sorry Sorry,2009,k-pop,apology regret remorse guilt repetition insistence persistence pleading begging forgiveness
BTS,I Need U,2015,k-pop,dependence necessity requirement desperation urgency intensity longing craving yearning desire
TWICE,Cheer Up,2016,k-pop,encouragement motivation inspiration uplift positivity optimism cheerfulness happiness enthusiasm
Red Velvet,Red Flavor,2017,k-pop,sweetness freshness vibrancy intensity flavor richness summer ripeness fullness enjoyment
SEVENTEEN,Clap,2017,k-pop,celebration applause recognition appreciation acknowledgment encouragement support enthusiasm energy
BLACKPINK,Playing with Fire,2016,k-pop,danger risk excitement thrill peril hazard attraction temptation seduction intensity
BTS,MIC Drop,2017,k-pop,confidence success achievement victory triumph vindication validation recognition acknowledgment
EXO,Ko Ko Bop,2017,k-pop,freedom liberation release relaxation enjoyment pleasure leisure recreation escape euphoria
GOT7,Never Ever,2017,k-pop,determination commitment dedication loyalty persistence steadfastness devotion faithfulness constancy
TWICE,Signal,2017,k-pop,communication transmission reception connection indication notification sign message alert notice
BTS,DNA,2017,k-pop,destiny fate connection genetics predestination bond linkage relationship attachment connection
MAMAMOO,Yes I Am,2017,k-pop,affirmation confidence assertion identity certainty assurance conviction self-assurance positivity
SEVENTEEN,Oh My!,2018,k-pop,surprise astonishment amazement shock awe wonder bewilderment disbelief startlement exclamation
Red Velvet,Peek-A-Boo,2017,k-pop,playfulness teasing mischief hide-and-seek mystery game attraction chase pursuit danger
BTS,Run,2015,k-pop,escape fleeing freedom liberation release advancement progress movement forward motion velocity
EXO,Monster,2016,k-pop,intensity ferocity power dominance control fear intimidation darkness danger threat
TWICE,Dance The Night Away,2018,k-pop,celebration enjoyment festivity revelry pleasure happiness freedom release liberation exuberance
GFRIEND,Time for the Moon Night,2018,k-pop,nocturnal lunar celestial mystical magical ethereal mysterious enchanting captivating bewitching
MONSTA X,Shoot Out,2018,k-pop,confrontation conflict battle struggle fight resistance opposition force power intensity
SEVENTEEN,Getting Closer,2018,k-pop,proximity intimacy advancement progress development improvement nearness closeness approach approach
BTS,Idol,2018,k-pop,identity pride confidence self-love acceptance celebration uniqueness individuality authenticity originality
Red Velvet,Power Up,2018,k-pop,energy strength improvement enhancement increase fortification reinforcement intensification amplification multiplication
NCT 127,Regular,2018,k-pop,consistency normality stability reliability predictability constancy uniformity steadiness permanence routine
TWICE,Yes or Yes,2018,k-pop,decision choice determination resolution selection option alternative preference question dilemma
EXO,Love Shot,2018,k-pop,precision accuracy target bullseye focus concentration aim direction intention purpose objective
GOT7,Lullaby,2018,k-pop,comfort soothing calming relaxing peaceful tranquil serene gentle tender soft
BLACKPINK,Kill This Love,2019,k-pop,termination destruction annihilation elimination ending conclusion finality cessation stopping ending
BTS,Make It Right,2019,k-pop,correction repair improvement amendment rectification adjustment restoration fixing remediation resolving
SEVENTEEN,Happy Ending,2019,k-pop,conclusion culmination resolution finale closure completion satisfaction fulfillment contentment denouement
Red Velvet,Zimzalabim,2019,k-pop,magical incantation spell enchantment mystical supernatural miraculous fantastic extraordinary phenomenal
TWICE,Breakthrough,2019,k-pop,achievement success advancement progress victory triumph accomplishment mastery conquest overcoming
GFRIEND,Sunrise,2019,k-pop,beginning dawn emergence appearance inception commencement genesis origin birth rebirth
NCT 127,Superhuman,2019,k-pop,extraordinary exceptional remarkable outstanding phenomenal incredible amazing astonishing powerful impressive
MONSTA X,Alligator,2019,k-pop,predatory dangerous threatening intimidating powerful aggressive dominant assertive formidable fearsome
SEVENTEEN,Fear,2019,k-pop,apprehension dread terror anxiety trepidation foreboding unease discomfort worry concern
EXO-SC,What a Life,2019,k-pop,appreciation celebration enjoyment pleasure satisfaction contentment happiness fulfillment gratification delight
Red Velvet,Umpah Umpah,2019,k-pop,encouragement motivation inspiration stimulation incitement impetus incentive inducement persuasion urging
BTS,Black Swan,2020,k-pop,transformation metamorphosis change evolution development growth transition alteration conversion modification
TWICE,More & More,2020,k-pop,insatiability greediness voracity ravenousness hunger thirst craving yearning longing desire
SEVENTEEN,My My,2020,k-pop,possession ownership belonging property holding custody control jurisdiction dominion authority
GFRIEND,Apple,2020,k-pop,temptation seduction enticement allurement attraction fascination captivation enchantment bewitchment enthrallment
IZ*ONE,Secret Story of the Swan,2020,k-pop,transformation metamorphosis evolution development growth progress advancement improvement enhancement change
ITZY,Not Shy,2020,k-pop,boldness confidence courage fearlessness bravery valor audacity daring intrepidity resolution
SuperM,One,2020,k-pop,unity cohesion solidarity harmony agreement consensus concord accord unison unanimity
ENHYPEN,Given-Taken,2020,k-pop,exchange transaction swap trade interchange reciprocity mutuality alternation rotation cycling
aespa,Black Mamba,2020,k-pop,danger threat hazard risk peril jeopardy menace intimidation darkness mystery
TREASURE,MMM,2020,k-pop,appreciation admiration fascination captivation enchantment enthrallment bewitchment mesmerization hypnotization entrancement
SHINee,Don't Call Me,2021,k-pop,rejection refusal denial disapproval opposition resistance defiance objection protestation disagreement
IU,Celebrity,2021,k-pop,fame recognition renown notoriety prominence distinction eminence prestige status reputation
TWICE,Kura Kura,2021,k-pop,dizziness disorientation confusion bewilderment perplexity complexity intricacy complication entanglement convolution
ITZY,In the morning,2021,k-pop,awakening arousal activation stimulation invigoration energization vitalization revitalization resuscitation reanimation
ENHYPEN,Drunk-Dazed,2021,k-pop,intoxication inebriation disorientation confusion dizziness bewilderment perplexity distraction absent-mindedness inattention
aespa,Next Level,2021,k-pop,advancement progression improvement development enhancement upgrade elevation promotion intensification amplification
TREASURE,My Treasure,2021,k-pop,value worth importance significance merit benefit advantage usefulness utility preciousness
TOMORROW X TOGETHER,0X1=LOVESONG,2021,k-pop,equation calculation formula computation solution resolution answer conclusion deduction inference
SEVENTEEN,Ready to love,2021,k-pop,preparation readiness willingness eagerness enthusiasm keenness disposition inclination tendency predisposition
Red Velvet,Queendom,2021,k-pop,royalty nobility sovereignty authority power rule dominance leadership supremacy preeminence
STRAY KIDS,Thunderous,2021,k-pop,loudness noisiness boisterousness clamor din racket uproar commotion disturbance tumult
BTS,Butter,2021,k-pop,smoothness creaminess slipperiness silkiness softness richness luxury indulgence extravagance opulence
NCT 127,Sticker,2021,k-pop,attachment adhesion connection linkage bonding joining fastening securing fixation coupling
ITZY,LOCO,2021,k-pop,craziness madness insanity lunacy mania frenzy derangement delirium psychopathy psychosis
aespa,Savage,2021,k-pop,fierceness ferocity brutality viciousness cruelty ruthlessness mercilessness pitilessness harshness severity
ENHYPEN,Tamed-Dashed,2021,k-pop,control restraint discipline regulation governance management supervision administration direction guidance
NCT DREAM,Hot Sauce,2021,k-pop,spiciness pungency sharpness acidity tartness tanginess zestiness hotness fieriness intensity
TWICE,The Feels,2021,k-pop,emotions sensations impressions perceptions experiences sentiments reactions responses attitudes dispositions
SEVENTEEN,Rock with you,2021,k-pop,companionship accompaniment partnership association alliance coalition union fellowship friendship camaraderie
MONSTA X,Rush Hour,2021,k-pop,urgency hurriedness hastiness quickness rapidity swiftness speediness acceleration velocity momentum
IVE,Eleven,2021,k-pop,numerical quantitative countable measurable calculable computable reckable enumerable quantifiable dimensional
TREASURE,Jikjin,2022,k-pop,straightforwardness directness forthrightness candidness frankness openness honesty sincerity truthfulness plainness
STRAY KIDS,Maniac,2022,k-pop,obsessiveness fanaticism zealousness enthusiasm passion dedication devotion commitment infatuation fixation
Red Velvet,Feel My Rhythm,2022,k-pop,sensation perception experience feeling awareness consciousness recognition realization understanding comprehension
NCT DREAM,Glitch Mode,2022,k-pop,malfunction breakdown failure defect flaw error bug fault deficiency irregularity
ENHYPEN,Blessed-Cursed,2022,k-pop,duality contrast opposition contradiction paradox ambivalence ambiguity dichotomy polarity antipodes
SEVENTEEN,Hot,2022,k-pop,warmth heat intensity passion ardor fervor enthusiasm excitement vehemence zeal
TWICE,Talk that Talk,2022,k-pop,communication conversation discussion dialogue discourse exchange interchange interaction intercourse correspondence
IVE,Love Dive,2022,k-pop,immersion submersion plunging sinking delving absorption engrossment engagement involvement dedication
aespa,Girls,2022,k-pop,femininity womanhood girlhood sisterhood friendship solidarity companionship camaraderie intimacy closeness
BLACKPINK,Pink Venom,2022,k-pop,toxicity poisonousness virulence lethality deadliness dangerousness hazardousness perilousness harmfulness noxiousness
NCT 127,2 Baddies,2022,k-pop,mischievousness naughtiness devilishness wickedness badness impishness roguishness rascality knavery villainy
ITZY,Cheshire,2022,k-pop,mysteriousness enigmaticness crypticness puzzlingness perplexingness confusingness bewilderingness bafflingness confoundingness incomprehensibleness
LE SSERAFIM,ANTIFRAGILE,2022,k-pop,strength resilience toughness robustness sturdiness durability hardiness fortitude endurance tenacity
NewJeans,Attention,2022,k-pop,focus concentration mindfulness awareness vigilance alertness attentiveness heedfulness observance watchfulness
TWICE,MOONLIGHT SUNRISE,2023,k-pop,illumination brightening lightening glowing shining radiating beaming gleaming glittering sparkling
TOMORROW X TOGETHER,Sugar Rush Ride,2023,k-pop,excitement thrill exhilaration stimulation invigoration energization revitalization rejuvenation vivification resuscitation
SEVENTEEN,Super,2023,k-pop,excellence superiority preeminence supremacy predominance transcendence surpassingness exceedingness extraordinariness remarkableness
aespa,Spicy,2023,k-pop,hotness fieriness pungency sharpness tartness tanginess zestiness seasoning flavoring tastiness
STRAY KIDS,S-Class,2023,k-pop,superiority excellence distinction eminence preeminence supremacy predominance transcendence surpassingness extraordinariness
NewJeans,Super Shy,2023,k-pop,timidity bashfulness diffidence reticence reservedness hesitancy reluctance coyness modesty demureness
LE SSERAFIM,UNFORGIVEN,2023,k-pop,unpardonable inexcusable unexcusable inexpiable irredeemable unredeemable irremissible unremittable unabsolvable unexculpable
BTS,Take Two,2023,k-pop,repetition reiteration recurrence recrudescence redux reappearance reemergence resurgence revival resurrection
NCT DREAM,ISTJ,2023,k-pop,personality character temperament disposition nature constitution makeup composition chemistry psychology
IVE,I AM,2023,k-pop,identity selfhood individuality personality character being essence nature existence presence
ITZY,CAKE,2023,k-pop,sweetness richness deliciousness lusciousness succulence delectability scrumptiousness toothsomeness appetizingness palatableness